{"stat.leaveGame":12,"stat.useItem.minecraft.bookshelf":17,"stat.pickup.forestry.resources":83,"stat.mineBlock.minecraft.sandstone":18,"stat.useItem.minecraft.planks":275,"stat.useItem.minecraft.water_bucket":67,"stat.pickup.minecraft.rotten_flesh":11,"stat.pickup.minecraft.sand":68,"stat.craftItem.minecraft.stone_axe":20,"stat.craftItem.minecraft.stone_sword":4,"stat.mineBlock.minecraft.snow_layer":2,"stat.mineBlock.minecraft.sand":68,"stat.pickup.forestry.bee_queen_ge":2,"stat.craftItem.backpack.stick":8,"stat.hopperInspected":20,"stat.useItem.minecraft.iron_pickaxe":3006,"stat.craftItem.minecraft.wooden_pickaxe":1,"stat.craftItem.minecraft.bed":1,"stat.mineBlock.minecraft.hopper":2,"stat.useItem.minecraft.oak_stairs":40,"stat.furnaceInteraction":99,"stat.pickup.ic2.plate":19,"stat.craftItem.ic2.te":10,"stat.killEntity.ZombieVillager":2,"stat.pickup.minecraft.beef":134,"stat.pickup.minecraft.furnace":3,"stat.useItem.minecraft.redstone":1,"stat.useItem.minecraft.trapdoor":1,"stat.useItem.minecraft.fence":27,"stat.useItem.minecraft.stone_stairs":30,"stat.useItem.buildcrafttransport.pipe_cobble_item":11,"stat.pickup.buildcrafttransport.pipe_cobble_item":11,"stat.pickup.minecraft.stone_stairs":6,"stat.useItem.ic2.sapling":15,"stat.mineBlock.minecraft.fence":7,"stat.useItem.minecraft.wheat_seeds":90,"stat.pickup.ic2.misc_resource":153,"stat.craftItem.ironchest.iron_chest":1,"stat.killEntity.Husk":1,"stat.pickup.forestry.bee_princess_ge":15,"stat.mineBlock.ic2.leaves":645,"stat.useItem.buildcrafttransport.pipe_wood_item":2,"stat.pickup.minecraft.emerald":3,"stat.mineBlock.minecraft.oak_stairs":1,"stat.pickup.ironchest.iron_chest":1,"stat.pickup.minecraft.lever":1,"stat.deaths":3,"stat.useItem.ic2.treetap":56,"stat.pickup.minecraft.egg":6,"stat.playOneMinute":458714,"stat.craftItem.minecraft.iron_pickaxe":12,"stat.pickup.forestry.bee_house":2,"stat.mineBlock.minecraft.tallgrass":24,"stat.pickup.minecraft.cooked_mutton":2,"stat.chestOpened":359,"stat.pickup.minecraft.pumpkin":2,"stat.useItem.ic2.cable":22,"stat.useItem.minecraft.stone":56,"stat.pickup.minecraft.arrow":11,"stat.craftItem.minecraft.coal":353,"stat.drop.minecraft.iron_pickaxe":1,"stat.fallOneCm":78645,"stat.craftItem.ic2.treetap":4,"stat.pickup.minecraft.carrot":40,"stat.crouchOneCm":49515,"stat.craftItem.ic2.cable":112,"stat.mineBlock.minecraft.chest":4,"stat.craftItem.minecraft.chest":21,"stat.craftItem.minecraft.iron_ingot":116,"stat.mineBlock.minecraft.lever":1,"stat.pickup.minecraft.red_mushroom":4,"stat.craftItem.minecraft.hopper":1,"stat.craftingTableInteraction":128,"stat.mineBlock.forestry.bee_house":2,"stat.mineBlock.ic2.resource":614,"stat.pickup.minecraft.wooden_pickaxe":2,"stat.useItem.minecraft.furnace":8,"stat.craftItem.buildcraftcore.gear_iron":1,"stat.pickup.minecraft.dye":269,"stat.pickup.minecraft.planks":64,"stat.pickup.minecraft.wheat_seeds":159,"stat.mineBlock.minecraft.gravel":40,"stat.useItem.minecraft.stone_pickaxe":524,"stat.useItem.minecraft.stone_sword":234,"stat.craftItem.buildcraftcore.gear_stone":2,"stat.craftItem.minecraft.oak_stairs":40,"stat.mineBlock.minecraft.dirt":184,"stat.pickup.minecraft.poisonous_potato":1,"stat.useItem.minecraft.torch":497,"stat.craftItem.minecraft.redstone_block":91,"stat.craftItem.minecraft.stone_stairs":28,"stat.mineBlock.railcraft.ore":23,"stat.pickup.minecraft.crafting_table":5,"stat.useItem.minecraft.log":106,"stat.useItem.minecraft.cobblestone":669,"stat.craftItem.minecraft.crafting_table":15,"stat.useItem.minecraft.gravel":2,"stat.mineBlock.minecraft.double_plant":1,"stat.mineBlock.minecraft.emerald_ore":3,"stat.pickup.minecraft.redstone_block":2,"stat.pickup.minecraft.log":886,"stat.pickup.minecraft.iron_pickaxe":1,"stat.pickup.minecraft.hopper":2,"stat.craftItem.ic2.plate":107,"stat.pickup.minecraft.sapling":343,"stat.pickup.minecraft.apple":16,"stat.craftItem.minecraft.bucket":1,"stat.craftItem.minecraft.planks":1124,"stat.itemEnchanted":1,"stat.pickup.minecraft.stone_sword":4,"stat.pickup.minecraft.book":24,"stat.mineBlock.minecraft.log":6,"stat.pickup.forestry.book_forester":2,"stat.craftItem.ic2.re_battery":5,"stat.craftItem.minecraft.paper":330,"stat.pickup.minecraft.red_flower":2,"stat.sneakTime":22575,"stat.pickup.minecraft.wool":7,"stat.pickup.ic2.sapling":70,"stat.useItem.minecraft.baked_potato":54,"stat.useItem.minecraft.wooden_axe":30,"stat.pickup.minecraft.yellow_flower":1,"stat.drop.minecraft.wooden_axe":1,"stat.pickup.minecraft.chest":5,"stat.craftItem.minecraft.enchanting_table":1,"stat.drop.minecraft.stone_pickaxe":1,"stat.pickup.ic2.ingot":80,"stat.pickup.minecraft.bone":14,"stat.craftItem.buildcrafttransport.pipe_cobble_item":24,"stat.pickup.forestry.ingot_copper":7,"stat.mineBlock.minecraft.cobblestone":40,"stat.mineBlock.minecraft.pumpkin":2,"stat.pickup.minecraft.stone_pickaxe":4,"stat.pickup.minecraft.flint":4,"stat.mineBlock.minecraft.yellow_flower":1,"stat.swimOneCm":33984,"stat.climbOneCm":1452,"stat.pickup.ic2.crushed":20,"stat.useItem.minecraft.dirt":106,"stat.mineBlock.ironchest.iron_chest":1,"stat.useItem.minecraft.stone_slab2":125,"stat.craftItem.buildcraftcore.wrench":1,"stat.craftItem.minecraft.furnace":18,"stat.craftItem.minecraft.lapis_block":27,"stat.craftItem.minecraft.spruce_boat":1,"stat.craftItem.minecraft.trapdoor":2,"stat.craftItem.minecraft.stone_pickaxe":5,"stat.craftItem.minecraft.cooked_beef":4,"stat.mineBlock.minecraft.obsidian":17,"stat.pickup.minecraft.cobblestone":2990,"stat.mineBlock.buildcraftcore.engine":2,"stat.mineBlock.minecraft.clay":25,"stat.useItem.minecraft.stone_shovel":296,"stat.flyOneCm":567963,"stat.pickup.minecraft.sandstone":14,"stat.craftItem.ic2.ingot":128,"stat.useItem.minecraft.cooked_beef":3,"stat.pickup.minecraft.cactus":1,"stat.pickup.minecraft.redstone":931,"stat.mineBlock.minecraft.iron_ore":360,"stat.craftItem.minecraft.book":37,"stat.timeSinceDeath":136235,"stat.pickup.minecraft.mutton":10,"stat.useItem.minecraft.lever":2,"stat.useItem.minecraft.potato":20,"stat.pickup.minecraft.wooden_axe":1,"stat.pickup.buildcraftcore.engine":2,"stat.pickup.railcraft.dust":72,"stat.pickup.minecraft.trapdoor":1,"stat.mineBlock.minecraft.coal_ore":1009,"stat.killEntity.Creeper":3,"stat.talkedToVillager":6,"stat.pickup.forestry.bee_combs":12,"stat.craftItem.ic2.casing":52,"stat.entityKilledBy.Skeleton":2,"stat.craftItem.minecraft.stone_slab2":0,"stat.craftItem.forestry.scoop":2,"stat.sprintOneCm":834714,"stat.craftItem.minecraft.stick":276,"stat.craftItem.minecraft.wooden_axe":2,"stat.pickup.ic2.resource":609,"stat.mineBlock.minecraft.diamond_ore":25,"stat.mineBlock.minecraft.crafting_table":6,"stat.useItem.minecraft.diamond_pickaxe":2263,"stat.useItem.minecraft.carrot":40,"stat.mineBlock.minecraft.planks":20,"stat.drop":4,"stat.killEntity.Sheep":7,"stat.mineBlock.forestry.leaves.default.7":1,"stat.craftItem.minecraft.diamond_pickaxe":3,"stat.craftItem.backpack.backpack_piece":2,"stat.killEntity.Zombie":6,"stat.craftItem.backpack.backpack":2,"stat.pickup.minecraft.snowball":15,"stat.craftItem.backpack.backpack_frame":2,"stat.pickup.ic2.leaves":425,"stat.mineBlock.minecraft.gold_ore":112,"stat.diveOneCm":18473,"stat.pickup.minecraft.wheat":87,"stat.craftItem.ic2.cutter":1,"stat.craftItem.minecraft.piston":2,"stat.pickup.minecraft.gravel":39,"stat.pickup.minecraft.stone_axe":4,"stat.useItem.minecraft.apple":15,"stat.pickup.minecraft.obsidian":36,"stat.pickup.ic2.te":3,"stat.pickup.forestry.escritoire":1,"stat.jump":4582,"stat.craftItem.ic2.forge_hammer":2,"stat.pickup.minecraft.fence":7,"stat.pickup.minecraft.coal":1019,"stat.pickup.minecraft.iron_ingot":13,"stat.craftItem.minecraft.lever":2,"stat.useItem.minecraft.stone_axe":176,"stat.mineBlock.forestry.beehives":14,"stat.pickup.minecraft.gunpowder":4,"stat.pickup.minecraft.spider_eye":1,"stat.craftItem.minecraft.torch":412,"stat.pickup.minecraft.dirt":220,"stat.pickup.minecraft.iron_ore":355,"stat.pickup.minecraft.stone_shovel":1,"stat.boatOneCm":6946,"stat.useItem.minecraft.sapling":75,"stat.pickup.minecraft.gold_ore":112,"stat.mineBlock.minecraft.lapis_ore":44,"stat.mineBlock.minecraft.stone_stairs":6,"stat.mineBlock.forestry.escritoire":1,"stat.damageTaken":4080,"stat.pickup.minecraft.leather":135,"stat.mineBlock.minecraft.furnace":3,"stat.mineBlock.minecraft.torch":81,"stat.craftItem.buildcraftcore.engine":2,"stat.useItem.minecraft.wooden_pickaxe":23,"stat.craftItem.buildcrafttransport.pipe_wood_item":40,"stat.useItem.forestry.scoop":13,"stat.pickup.minecraft.reeds":376,"stat.craftItem.buildcraftcore.gear_wood":6,"stat.pickup.minecraft.potato":80,"stat.pickup.minecraft.oak_stairs":1,"stat.damageDealt":9335,"stat.craftItem.minecraft.glass":64,"stat.sleepInBed":11,"stat.useItem.ic2.resource":1,"stat.craftItem.minecraft.baked_potato":12,"stat.pickup.ic2.re_battery":1,"stat.killEntity.Cow":46,"stat.useItem.buildcraftcore.engine":1,"stat.craftItem.minecraft.stone_shovel":4,"stat.walkOneCm":1233346,"stat.animalsBred":33,"stat.useItem.minecraft.chest":11,"stat.mineBlock.ic2.te":7,"stat.pickup.minecraft.stick":21,"stat.pickup.minecraft.diamond_pickaxe":1,"stat.pickup.minecraft.clay_ball":200,"stat.useItem.minecraft.spruce_boat":1,"stat.craftItem.forestry.ingot_copper":7,"stat.pickup.minecraft.stone":425,"stat.pickup.minecraft.baked_potato":14,"stat.craftItem.minecraft.redstone":45,"stat.pickup.minecraft.cooked_beef":2,"stat.killEntity.Skeleton":5,"stat.pickup.forestry.bee_drone_ge":14,"stat.craftItem.ic2.crafting":80,"stat.pickup.forestry.apatite":97,"stat.craftItem.minecraft.bookshelf":20,"stat.pickup.ic2.cable":17,"stat.mineBlock.forestry.resources":92,"stat.mobKills":76,"stat.mineBlock.minecraft.bookshelf":7,"stat.craftItem.minecraft.shears":2,"stat.craftItem.ic2.resource":1,"stat.craftItem.minecraft.fence":48,"stat.pickup.minecraft.water_bucket":2,"stat.pickup.minecraft.diamond":25,"stat.mineBlock.minecraft.leaves":10,"stat.pickup.minecraft.torch":101,"stat.mineBlock.minecraft.redstone_ore":202,"stat.craftItem.minecraft.coal_block":91,"stat.drop.minecraft.stone_axe":1,"stat.mineBlock.minecraft.stone":3209}