{"stat.mineBlock.forestry.wood_pile":2,"stat.useItem.minecraft.bow":173,"stat.useItem.railcraft.brick_quarried":126,"stat.pickup.minecraft.wooden_slab":84,"stat.leaveGame":10,"stat.mineBlock.ic2.sapling":1,"stat.craftItem.forestry.fertilizer_compound":48,"stat.pickup.forestry.resources":82,"stat.mineBlock.minecraft.sandstone":240,"stat.craftItem.minecraft.shield":1,"stat.pickup.ic2.wrench_new":1,"stat.pickup.forestry.engine_electrical":3,"stat.mineBlock.railcraft.blast_furnace":2,"stat.pickup.minecraft.rotten_flesh":202,"stat.craftItem.minecraft.stone_axe":1,"stat.pickup.railcraft.fuel_coke":2,"stat.pickup.minecraft.bucket":5,"stat.craftItem.railcraft.tool_crowbar_steel":1,"stat.useItem.minecraft.rail":571,"stat.killEntity.Enderman":3,"stat.craftItem.forestry.gear_copper":2,"stat.pickup.minecraft.brown_mushroom":14,"stat.killEntity.Witch":2,"stat.pickup.forestry.engine_clockwork":9,"stat.craftItem.forestry.sturdy_machine":6,"stat.craftItem.buildcrafttransport.pipe_gold_item":248,"stat.mineBlock.forestry.fabricator":2,"stat.useItem.railcraft.coke_oven":56,"stat.pickup.ic2.crop_seed_bag":3,"stat.useItem.minecraft.iron_pickaxe":501,"stat.pickup.minecraft.stained_hardened_clay":3,"stat.craftItem.minecraft.wooden_pickaxe":1,"stat.pickup.forestry.butterfly_ge":1,"stat.pickup.railcraft.track_flex_abandoned":1,"stat.mineBlock.forestry.fences.0":1,"stat.craftItem.minecraft.glass_pane":224,"stat.mineBlock.forestry.logs.0":1,"stat.mineBlock.minecraft.vine":2,"stat.mineBlock.minecraft.hopper":1,"stat.pickup.buildcrafttransport.pipe_stone_item":42,"stat.furnaceInteraction":76,"stat.mineBlock.minecraft.rail":162,"stat.craftItem.ic2.te":25,"stat.killEntity.ZombieVillager":7,"stat.pickup.buildcrafttransport.pipe_gold_item":271,"stat.mineBlock.railcraft.coke_oven":31,"stat.pickup.minecraft.beef":4,"stat.drop.minecraft.cactus":2,"stat.craftItem.ic2.reinforced_door":9,"stat.mineBlock.minecraft.stained_hardened_clay":3,"stat.useItem.minecraft.trapdoor":14,"stat.useItem.minecraft.flint_and_steel":3,"stat.useItem.minecraft.wheat_seeds":209,"stat.pickup.ic2.misc_resource":229,"stat.killEntity.Husk":74,"stat.mineBlock.ic2.leaves":206,"stat.pickup.backpack.backpack":4,"stat.pickup.minecraft.emerald":4,"stat.useItem.minecraft.dye":198,"stat.pickup.minecraft.lever":19,"stat.deaths":8,"stat.useItem.ic2.treetap":48,"stat.pickup.minecraft.egg":9,"stat.mineBlock.minecraft.stone_pressure_plate":1,"stat.craftItem.minecraft.iron_pickaxe":1,"stat.useItem.forestry.grafter":100,"stat.mineBlock.minecraft.tallgrass":17,"stat.craftItem.minecraft.cooked_mutton":1,"stat.pickup.minecraft.cooked_mutton":2,"stat.chestOpened":1152,"stat.useItem.ic2.cable":210,"stat.craftItem.minecraft.sign":27,"stat.pickup.ic2.electric_treetap":3,"stat.useItem.minecraft.stone":31,"stat.mineBlock.forestry.centrifuge":2,"stat.pickup.minecraft.arrow":203,"stat.pickup.minecraft.iron_sword":1,"stat.craftItem.buildcrafttransport.pipe_structure":256,"stat.killEntity.Ghast":1,"stat.craftItem.minecraft.coal":118,"stat.craftItem.buildcraftbuilders.quarry":1,"stat.pickup.railcraft.locomotive_steam_solid":6,"stat.pickup.minecraft.carrot":5,"stat.useItem.minecraft.rabbit":1,"stat.crouchOneCm":55221,"stat.craftItem.ic2.cable":406,"stat.mineBlock.minecraft.chest":13,"stat.pickup.minecraft.rail":468,"stat.craftItem.minecraft.iron_ingot":33,"stat.craftingTableInteraction":589,"stat.mineBlock.forestry.bee_house":14,"stat.craftItem.forestry.apiary":1,"stat.pickup.minecraft.wooden_pickaxe":1,"stat.mineBlock.minecraft.log2":7,"stat.craftItem.buildcrafttransport.waterproof":11,"stat.useItem.minecraft.reeds":119,"stat.craftItem.minecraft.nether_brick":38,"stat.craftItem.buildcraftcore.gear_iron":9,"stat.pickup.minecraft.dye":198,"stat.pickup.minecraft.planks":25,"stat.pickup.railcraft.track_kit":4,"stat.mineBlock.railcraft.track_flex_abandoned":1,"stat.pickup.minecraft.wheat_seeds":702,"stat.mineBlock.forestry.planks.0":43,"stat.craftItem.railcraft.locomotive_steam_solid":1,"stat.mineBlock.minecraft.glass":10,"stat.mineBlock.minecraft.dirt":311,"stat.craftItem.ic2.dust":96,"stat.useItem.minecraft.bread":44,"stat.craftItem.forestry.centrifuge":1,"stat.drop.minecraft.rotten_flesh":10,"stat.useItem.ic2.wrench_new":17,"stat.craftItem.ironchest.iron_gold_chest_upgrade":3,"stat.useItem.minecraft.cobblestone":923,"stat.craftItem.ic2.solar_helmet":1,"stat.pickup.minecraft.magma":1,"stat.pickup.ic2.bronze_pickaxe":2,"stat.useItem.minecraft.gravel":78,"stat.useItem.ic2.chainsaw":577,"stat.pickup.ic2.reinforced_door":3,"stat.minecartOneCm":284978,"stat.craftItem.ic2.upgrade":2,"stat.pickup.minecraft.iron_pickaxe":1,"stat.useItem.minecraft.yellow_flower":33,"stat.pickup.minecraft.hopper":1,"stat.pickup.minecraft.chicken":1,"stat.craftItem.ic2.plate":235,"stat.useItem.ic2.bronze_pickaxe":336,"stat.pickup.minecraft.apple":10,"stat.pickup.ic2.charging_re_battery":7,"stat.craftItem.ic2.charging_re_battery":1,"stat.useItem.minecraft.glass_pane":16,"stat.pickup.railcraft.equipment":4,"stat.pickup.forestry.ash":1,"stat.pickup.forestry.centrifuge":2,"stat.pickup.buildcrafttransport.pipe_structure":2,"stat.craftItem.minecraft.bucket":1,"stat.craftItem.minecraft.planks":848,"stat.useItem.minecraft.iron_sword":265,"stat.craftItem.forestry.humus":32,"stat.pickup.ic2.diamond_drill":5,"stat.mineBlock.buildcrafttransport.pipe_void_fluid":119,"stat.pickup.forestry.impregnated_casing":3,"stat.mineBlock.minecraft.log":16,"stat.pickup.forestry.book_forester":4,"stat.craftItem.ic2.re_battery":18,"stat.useItem.minecraft.spruce_door":9,"stat.pickup.forestry.squeezer":5,"stat.craftItem.minecraft.paper":33,"stat.pickup.minecraft.red_flower":28,"stat.pickup.minecraft.wool":1,"stat.useItem.minecraft.wooden_axe":29,"stat.craftItem.minecraft.spruce_door":9,"stat.pickup.ic2.ingot":52,"stat.pickup.forestry.sapling":70,"stat.mineBlock.forestry.leaves":37,"stat.mineBlock.minecraft.cobblestone":173,"stat.pickup.minecraft.flint":18,"stat.mineBlock.minecraft.yellow_flower":56,"stat.craftItem.minecraft.clock":2,"stat.pickup.minecraft.enchanted_book":5,"stat.pickup.minecraft.cooked_porkchop":2,"stat.craftItem.forestry.fabricator":1,"stat.useItem.minecraft.obsidian":19,"stat.mineBlock.ironchest.iron_chest":2,"stat.useItem.minecraft.stone_slab2":724,"stat.pickup.minecraft.bow":17,"stat.craftItem.buildcraftcore.wrench":1,"stat.craftItem.minecraft.furnace":14,"stat.craftItem.backpack.bound_leather":1,"stat.craftItem.minecraft.cooked_beef":43,"stat.mineBlock.minecraft.obsidian":26,"stat.craftItem.minecraft.bow":4,"stat.mineBlock.minecraft.clay":4,"stat.flyOneCm":3696734,"stat.pickup.minecraft.sandstone":387,"stat.mineBlock.forestry.apiary":1,"stat.useItem.forestry.planks.0":289,"stat.timeSinceDeath":374953,"stat.drop.minecraft.spider_eye":1,"stat.craftItem.minecraft.iron_block":3,"stat.killEntity.Bat":1,"stat.pickup.ic2.cutter":2,"stat.useItem.minecraft.potato":79,"stat.pickup.buildcraftcore.engine":13,"stat.pickup.minecraft.spruce_fence":3,"stat.mineBlock.minecraft.coal_ore":375,"stat.killEntity.Creeper":24,"stat.pickup.minecraft.shield":7,"stat.talkedToVillager":21,"stat.pickup.minecraft.string":62,"stat.drop.minecraft.obsidian":2,"stat.craftItem.forestry.scoop":1,"stat.sprintOneCm":2347165,"stat.pickup.forestry.portable_alyzer":6,"stat.drop.minecraft.leather":33,"stat.mineBlock.railcraft.equipment":3,"stat.craftItem.minecraft.wooden_axe":1,"stat.pickup.forestry.apiary":1,"stat.pickup.ic2.resource":295,"stat.mineBlock.minecraft.diamond_ore":18,"stat.useItem.minecraft.snowball":3,"stat.pickup.railcraft.ore_metal_poor":166,"stat.pickup.forestry.fabricator":2,"stat.drop.forestry.bee_drone_ge":1,"stat.useItem.forestry.bee_house":1,"stat.mineBlock.forestry.squeezer":4,"stat.pickup.minecraft.vine":1,"stat.useItem.ic2.electric_treetap":75,"stat.useItem.minecraft.ladder":14,"stat.craftItem.minecraft.emerald":11,"stat.drop.forestry.resources":1,"stat.killEntity.Zombie":46,"stat.craftItem.minecraft.dye":91,"stat.pickup.minecraft.snowball":11,"stat.pickup.ic2.crop_stick":5,"stat.mineBlock.minecraft.gold_ore":63,"stat.diveOneCm":105751,"stat.pickup.minecraft.wheat":278,"stat.craftItem.minecraft.sandstone":5,"stat.drop.buildcrafttransport.pipe_cobble_item":1,"stat.useItem.forestry.fences.0":56,"stat.craftItem.ic2.cutter":1,"stat.craftItem.minecraft.ladder":15,"stat.pickup.minecraft.sign":27,"stat.pickup.railcraft.armor_overalls":1,"stat.pickup.minecraft.stone_axe":4,"stat.pickup.minecraft.obsidian":23,"stat.pickup.ic2.te":73,"stat.jump":14755,"stat.useItem.minecraft.sand":16,"stat.pickup.minecraft.coal":735,"stat.pickup.minecraft.iron_ingot":43,"stat.craftItem.railcraft.brick_quarried":278,"stat.craftItem.minecraft.lever":16,"stat.craftItem.forestry.wood_pile_decorative":1,"stat.pickup.minecraft.gunpowder":28,"stat.mineBlock.forestry.beehives":6,"stat.craftItem.forestry.bee_chest":1,"stat.craftItem.minecraft.torch":344,"stat.pickup.ic2.crafting":1,"stat.pickup.minecraft.dirt":376,"stat.useItem.minecraft.glass":48,"stat.pickup.minecraft.stone_shovel":4,"stat.pickup.minecraft.gold_ore":64,"stat.useItem.minecraft.sapling":14,"stat.mineBlock.minecraft.lapis_ore":23,"stat.mineBlock.minecraft.glass_pane":16,"stat.damageTaken":16277,"stat.pickup.buildcrafttransport.pipe_gold_fluid":4,"stat.useItem.buildcraftcore.marker_volume":9,"stat.mineBlock.minecraft.torch":28,"stat.mineBlock.minecraft.red_flower":24,"stat.craftItem.buildcraftcore.engine":4,"stat.tradedWithVillager":17,"stat.mineBlock.minecraft.sapling":1,"stat.pickup.minecraft.log2":6,"stat.pickup.ic2.rubber_wood":47,"stat.useItem.forestry.scoop":10,"stat.pickup.minecraft.bed":6,"stat.craftItem.buildcraftcore.gear_wood":24,"stat.pickup.ic2.tool_box":1,"stat.pickup.minecraft.potato":178,"stat.useItem.forge.bucketfilled":1,"stat.pickup.minecraft.rabbit_hide":2,"stat.drop.buildcraftfactory.chute":2,"stat.useItem.buildcrafttransport.pipe_structure":2,"stat.craftItem.buildcraftfactory.chute":1,"stat.pickup.forestry.wrench":3,"stat.pickup.forestry.mulch":4,"stat.useItem.minecraft.chest":8,"stat.useItem.minecraft.tnt":9,"stat.pickup.buildcrafttransport.pipe_wood_item":31,"stat.useItem.minecraft.lava_bucket":7,"stat.pickup.minecraft.rabbit_foot":4,"stat.craftItem.forestry.ingot_tin":3,"stat.craftItem.forestry.ingot_copper":3,"stat.useItem.railcraft.blast_furnace":36,"stat.pickup.minecraft.baked_potato":48,"stat.pickup.minecraft.ender_pearl":7,"stat.useItem.minecraft.redstone_ore":16,"stat.pickup.minecraft.cooked_beef":43,"stat.pickup.minecraft.ladder":6,"stat.useItem.minecraft.netherrack":111,"stat.mineBlock.minecraft.tnt":11,"stat.pickup.ic2.cable":113,"stat.drop.ic2.crop_seed_bag":1,"stat.mineBlock.forestry.resources":115,"stat.mineBlock.minecraft.glowstone":30,"stat.mobKills":316,"stat.pickup.minecraft.diamond_boots":2,"stat.useItem.ic2.diamond_drill":6647,"stat.mineBlock.minecraft.bookshelf":1,"stat.pickup.railcraft.blast_furnace":2,"stat.pickup.minecraft.diamond":19,"stat.pickup.minecraft.beetroot_seeds":15,"stat.pickup.minecraft.torch":508,"stat.craftItem.ic2.wrench":2,"stat.craftItem.forestry.engine_clockwork":2,"stat.craftItem.minecraft.spruce_stairs":8,"stat.craftItem.minecraft.map":1,"stat.craftItem.minecraft.compass":1,"stat.useItem.minecraft.string":1,"stat.pickup.railcraft.brick_quarried":121,"stat.craftItem.buildcraftcore.marker_volume":4,"stat.craftItem.forestry.grafter":18,"stat.useItem.minecraft.planks":69,"stat.pickup.minecraft.glowstone_dust":92,"stat.pickup.minecraft.glass":36,"stat.useItem.minecraft.water_bucket":1,"stat.pickup.minecraft.sand":3629,"stat.entityKilledBy.Spider":1,"stat.craftItem.ic2.advanced_re_battery":3,"stat.craftItem.buildcraftcore.gear_diamond":2,"stat.craftItem.minecraft.stone_sword":1,"stat.useItem.minecraft.ender_pearl":3,"stat.mineBlock.minecraft.snow_layer":2,"stat.pickup.forestry.planks.0":102,"stat.mineBlock.minecraft.sand":2341,"stat.mineBlock.forestry.engine_biogas":6,"stat.pickup.forestry.bee_queen_ge":13,"stat.craftItem.ic2.tri_heat_storage":1,"stat.craftItem.forestry.naturalist_helmet":1,"stat.craftItem.forestry.smoker":1,"stat.pickup.ic2.plate":6,"stat.pickup.minecraft.wooden_button":1,"stat.pickup.railcraft.generic":442,"stat.pickup.minecraft.filled_map":6,"stat.craftItem.railcraft.tie":26,"stat.mineBlock.buildcraftfactory.chute":8,"stat.craftItem.forestry.bee_house":3,"stat.craftItem.forestry.engine_biogas":1,"stat.useItem.minecraft.cooked_mutton":3,"stat.pickup.minecraft.furnace":8,"stat.useItem.ic2.fluid_cell":561,"stat.useItem.minecraft.redstone":26,"stat.craftItem.buildcraftlib.guide":1,"stat.craftItem.forestry.wrench":1,"stat.pickup.minecraft.iron_chestplate":3,"stat.useItem.minecraft.stone_stairs":106,"stat.mineBlock.railcraft.track_outfitted":3,"stat.useItem.buildcrafttransport.pipe_cobble_item":2,"stat.pickup.ic2.dust":22,"stat.pickup.buildcrafttransport.pipe_cobble_item":3,"stat.pickup.minecraft.stone_stairs":6,"stat.useItem.ic2.sapling":5,"stat.craftItem.ironchest.iron_chest":16,"stat.pickup.forestry.bee_princess_ge":12,"stat.drop.ic2.chainsaw":1,"stat.useItem.buildcrafttransport.pipe_wood_item":10,"stat.pickup.minecraft.saddle":4,"stat.mineBlock.minecraft.soul_sand":66,"stat.pickup.ironchest.iron_chest":3,"stat.craftItem.ic2.chainsaw":1,"stat.craftItem.forestry.engine_electrical":1,"stat.playOneMinute":2475845,"stat.drop.minecraft.string":1,"stat.pickup.minecraft.iron_bars":4,"stat.pickup.forestry.bee_house":14,"stat.pickup.minecraft.netherrack":287,"stat.craftItem.computercraft.computer":1,"stat.pickup.minecraft.spruce_door":16,"stat.useItem.ic2.drill":2090,"stat.mineBlock.minecraft.netherrack":323,"stat.mineBlock.forestry.engine_electrical":3,"stat.pickup.ic2.solar_helmet":8,"stat.craftItem.minecraft.golden_rail":16,"stat.craftItem.buildcraftcore.gear_gold":4,"stat.useItem.minecraft.experience_bottle":52,"stat.fallOneCm":463940,"stat.drop.minecraft.stone":1,"stat.pickup.ic2.casing":9,"stat.craftItem.ic2.treetap":10,"stat.useItem.buildcrafttransport.pipe_gold_fluid":26,"stat.craftItem.minecraft.chest":27,"stat.mineBlock.minecraft.lever":7,"stat.craftItem.ic2.drill":1,"stat.mineBlock.ic2.resource":254,"stat.useItem.minecraft.golden_rail":22,"stat.pickup.minecraft.feather":5,"stat.drop.minecraft.bone":5,"stat.craftItem.minecraft.wooden_button":17,"stat.useItem.minecraft.furnace":1,"stat.pickup.forestry.carpenter":3,"stat.mineBlock.forestry.engine_clockwork":9,"stat.craftItem.ironchest.copper_iron_chest_upgrade":2,"stat.mineBlock.minecraft.spruce_fence":1,"stat.useItem.forestry.wrench":57,"stat.craftItem.railcraft.coke_oven":32,"stat.craftItem.ic2.crop_stick":34,"stat.mineBlock.minecraft.gravel":162,"stat.useItem.ic2.rubber_wood":3,"stat.useItem.minecraft.stone_pickaxe":336,"stat.useItem.minecraft.stone_sword":62,"stat.craftItem.buildcraftcore.gear_stone":17,"stat.killEntity.Rabbit":2,"stat.useItem.minecraft.iron_bars":3,"stat.pickup.minecraft.flint_and_steel":2,"stat.useItem.minecraft.torch":247,"stat.craftItem.forestry.carpenter":1,"stat.pickup.forestry.fences.0":1,"stat.craftItem.minecraft.stone_stairs":292,"stat.useItem.ic2.reinforced_door":9,"stat.useItem.ironchest.iron_chest":7,"stat.mineBlock.railcraft.ore":58,"stat.pickup.minecraft.crafting_table":7,"stat.useItem.minecraft.log":3,"stat.craftItem.railcraft.railbed":6,"stat.craftItem.minecraft.crafting_table":5,"stat.pickup.buildcraftcore.wrench":6,"stat.pickup.forestry.smoker":2,"stat.killEntity.LavaSlime":15,"stat.pickup.minecraft.log":363,"stat.mineBlock.railcraft.ore_metal_poor":167,"stat.craftItem.ic2.heat_storage":10,"stat.useItem.forestry.engine_clockwork":3,"stat.mineBlock.minecraft.golden_rail":21,"stat.pickup.forestry.capsule":64,"stat.drop.backpack.backpack":1,"stat.pickup.minecraft.sapling":121,"stat.pickup.forestry.fruits":1653,"stat.pickup.minecraft.wooden_door":1,"stat.entityKilledBy.Enderman":1,"stat.useItem.railcraft.tool_crowbar_steel":306,"stat.pickup.ic2.chainsaw":7,"stat.mineBlock.forestry.sapling_ge":3,"stat.useItem.buildcrafttransport.pipe_stone_item":42,"stat.pickup.ic2.wrench":7,"stat.sneakTime":29701,"stat.pickup.minecraft.rabbit":3,"stat.pickup.ic2.sapling":94,"stat.useItem.minecraft.baked_potato":121,"stat.mineBlock.railcraft.ore_metal":54,"stat.pickup.minecraft.yellow_flower":56,"stat.pickup.minecraft.golden_rail":23,"stat.pickup.railcraft.coke_oven":28,"stat.pickup.minecraft.chest":13,"stat.pickup.minecraft.bone":110,"stat.pickup.minecraft.stone_pressure_plate":3,"stat.pickup.minecraft.redstone_torch":16,"stat.useItem.buildcrafttransport.pipe_gold_item":202,"stat.craftItem.ic2.jetpack_electric":1,"stat.mineBlock.minecraft.brown_mushroom":14,"stat.mineBlock.forestry.carpenter":1,"stat.swimOneCm":172055,"stat.craftItem.forestry.gear_bronze":2,"stat.climbOneCm":127250,"stat.pickup.ic2.jetpack_electric":3,"stat.pickup.ic2.crushed":177,"stat.craftItem.ic2.fluid_cell":70,"stat.useItem.minecraft.dirt":22,"stat.pickup.ic2.fluid_cell":114,"stat.useItem.minecraft.red_flower":6,"stat.craftItem.forestry.planks.0":468,"stat.pickup.railcraft.rail":130,"stat.pickup.minecraft.anvil":1,"stat.craftItem.ic2.tool_box":3,"stat.craftItem.ic2.bronze_pickaxe":1,"stat.craftItem.minecraft.trapdoor":16,"stat.craftItem.minecraft.stone_pickaxe":3,"stat.mineBlock.minecraft.magma":25,"stat.pickup.minecraft.cobblestone":4244,"stat.mineBlock.buildcraftcore.engine":13,"stat.useItem.minecraft.stone_shovel":91,"stat.mineBlock.buildcraftbuilders.quarry":4,"stat.pickup.minecraft.soul_sand":50,"stat.craftItem.ic2.ingot":54,"stat.useItem.minecraft.cooked_beef":58,"stat.craftItem.minecraft.wooden_slab":174,"stat.craftItem.ic2.mining_pipe":16,"stat.pickup.minecraft.cactus":19,"stat.pickup.minecraft.redstone":351,"stat.mineBlock.minecraft.iron_ore":257,"stat.craftItem.forestry.wood_pile":2,"stat.useItem.minecraft.sign":24,"stat.pickup.minecraft.mutton":1,"stat.useItem.minecraft.lever":12,"stat.useItem.ic2.crop_stick":5,"stat.pickup.minecraft.wooden_axe":1,"stat.craftItem.buildcrafttransport.pipe_stone_item":120,"stat.drop.minecraft.dirt":2,"stat.pickup.railcraft.dust":115,"stat.useItem.minecraft.cooked_porkchop":6,"stat.pickup.ic2.bronze_chestplate":5,"stat.pickup.minecraft.trapdoor":15,"stat.pickup.forestry.bee_combs":9,"stat.useItem.buildcraftcore.wrench":4,"stat.craftItem.ic2.casing":170,"stat.pickup.buildcraftbuilders.quarry":4,"stat.craftItem.minecraft.stone_slab2":0,"stat.pickup.railcraft.ore_metal":53,"stat.useItem.minecraft.spruce_fence":47,"stat.pickup.minecraft.sandstone_stairs":1,"stat.craftItem.minecraft.stick":484,"stat.craftItem.minecraft.stone":36,"stat.useItem.ic2.wrench":204,"stat.mineBlock.minecraft.crafting_table":4,"stat.craftItem.railcraft.tank_iron_wall":16,"stat.drop.minecraft.leaves":2,"stat.pickup.forestry.logs.3":110,"stat.useItem.minecraft.carrot":3,"stat.pickup.forestry.logs.0":14,"stat.entityKilledBy.Creeper":3,"stat.mineBlock.minecraft.planks":9,"stat.drop":72,"stat.killEntity.Sheep":1,"stat.pickup.minecraft.slime_ball":12,"stat.craftItem.minecraft.diamond_pickaxe":1,"stat.craftItem.backpack.backpack":12,"stat.mineBlock.railcraft.brick_quarried":5,"stat.craftItem.minecraft.piston":8,"stat.drop.minecraft.wooden_pickaxe":1,"stat.pickup.minecraft.gravel":158,"stat.killEntity.Slime":20,"stat.mineBlock.minecraft.anvil":1,"stat.useItem.forestry.fruits":39,"stat.useItem.minecraft.apple":3,"stat.mineBlock.minecraft.deadbush":3,"stat.craftItem.ic2.electric_treetap":1,"stat.craftItem.ic2.forge_hammer":4,"stat.pickup.forestry.wood_pile":2,"stat.pickup.minecraft.iron_helmet":3,"stat.useItem.minecraft.stone_axe":52,"stat.craftItem.minecraft.bread":44,"stat.pickup.minecraft.spider_eye":22,"stat.craftItem.minecraft.rail":296,"stat.useItem.minecraft.cooked_chicken":39,"stat.pickup.minecraft.iron_ore":285,"stat.mineBlock.minecraft.iron_bars":4,"stat.craftItem.minecraft.flint_and_steel":2,"stat.pickup.minecraft.leaves":5,"stat.mineBlock.minecraft.stone_stairs":6,"stat.pickup.minecraft.leather":101,"stat.craftItem.minecraft.iron_bars":16,"stat.pickup.forestry.naturalist_helmet":2,"stat.mineBlock.minecraft.furnace":8,"stat.craftItem.forestry.gear_tin":2,"stat.useItem.minecraft.wooden_pickaxe":66,"stat.craftItem.buildcrafttransport.pipe_wood_item":24,"stat.pickup.minecraft.reeds":584,"stat.pickup.buildcraftcore.marker_volume":13,"stat.damageDealt":43473,"stat.drop.minecraft.rabbit_foot":2,"stat.sleepInBed":61,"stat.pickup.buildcraftfactory.chute":9,"stat.craftItem.minecraft.anvil":1,"stat.killEntity.Cow":2,"stat.pickup.minecraft.minecart":12,"stat.useItem.minecraft.crafting_table":1,"stat.useItem.buildcraftcore.engine":3,"stat.craftItem.minecraft.stone_shovel":1,"stat.walkOneCm":5420095,"stat.mineBlock.ic2.te":106,"stat.craftItem.railcraft.ingot":47,"stat.pickup.minecraft.stick":47,"stat.pickup.minecraft.clay_ball":112,"stat.craftItem.forestry.fences.0":57,"stat.pickup.forestry.grafter":10,"stat.drop.ic2.te":1,"stat.useItem.ic2.te":18,"stat.craftItem.railcraft.blast_furnace":36,"stat.useItem.forestry.humus":31,"stat.craftItem.minecraft.diamond_boots":1,"stat.pickup.minecraft.tnt":20,"stat.drop.ic2.ingot":1,"stat.useItem.minecraft.spruce_stairs":6,"stat.pickup.minecraft.stone":724,"stat.pickup.ic2.treetap":2,"stat.useItem.minecraft.leaves":1,"stat.pickup.ic2.forge_hammer":2,"stat.craftItem.minecraft.minecart":1,"stat.useItem.minecraft.cactus":3,"stat.pickup.minecraft.gold_ingot":41,"stat.killEntity.Skeleton":68,"stat.craftItem.ic2.crafting":55,"stat.pickup.forestry.bee_drone_ge":79,"stat.pickup.forestry.apatite":254,"stat.mineBlock.minecraft.cactus":4,"stat.craftItem.buildcrafttransport.pipe_gold_fluid":27,"stat.pickup.forestry.scoop":2,"stat.killEntity.Chicken":1,"stat.mineBlock.minecraft.redstone_torch":17,"stat.killEntity.Spider":40,"stat.craftItem.ironchest.wood_iron_chest_upgrade":3,"stat.mineBlock.minecraft.quartz_ore":28,"stat.craftItem.forestry.squeezer":1,"stat.craftItem.forestry.slabs.1":6,"stat.craftItem.minecraft.spruce_fence":45,"stat.craftItem.ic2.resource":10,"stat.pickup.minecraft.quartz":28,"stat.mineBlock.buildcraftcore.marker_volume":8,"stat.mineBlock.minecraft.leaves":20,"stat.pickup.minecraft.spruce_stairs":2,"stat.mineBlock.minecraft.redstone_ore":49,"stat.mineBlock.railcraft.generic":388,"stat.pickup.forestry.engine_biogas":6,"stat.craftItem.ic2.diamond_drill":1,"stat.pickup.ic2.drill":1,"stat.mineBlock.minecraft.stone":4258,"stat.useItem.minecraft.sandstone":240,"stat.craftItem.railcraft.armor_overalls":1}