{"stat.leaveGame":10,"stat.mineBlock.ic2.sapling":2,"stat.pickup.forestry.resources":160,"stat.mineBlock.minecraft.sandstone":244,"stat.useItem.minecraft.planks":278,"stat.pickup.minecraft.glowstone_dust":2,"stat.pickup.minecraft.porkchop":6,"stat.pickup.ic2.wrench_new":4,"stat.pickup.minecraft.glass":111,"stat.mineBlock.minecraft.red_mushroom":12,"stat.pickup.minecraft.rotten_flesh":13,"stat.pickup.minecraft.sand":242,"stat.entityKilledBy.Spider":1,"stat.useItem.minecraft.sandstone_stairs":2,"stat.craftItem.minecraft.stone_axe":8,"stat.pickup.minecraft.brown_mushroom":40,"stat.mineBlock.minecraft.sand":175,"stat.pickup.forestry.planks.1":18,"stat.killEntity.Witch":1,"stat.hopperInspected":16,"stat.useItem.minecraft.iron_pickaxe":751,"stat.pickup.minecraft.stained_hardened_clay":1,"stat.craftItem.minecraft.wooden_pickaxe":1,"stat.craftItem.minecraft.bed":1,"stat.mineBlock.minecraft.hopper":3,"stat.furnaceInteraction":79,"stat.pickup.ic2.plate":95,"stat.craftItem.ic2.te":10,"stat.mineBlock.buildcraftfactory.chute":3,"stat.pickup.minecraft.beef":8,"stat.pickup.minecraft.furnace":18,"stat.useItem.minecraft.redstone":20,"stat.useItem.minecraft.trapdoor":2,"stat.pickup.ic2.dust":10,"stat.useItem.ic2.sapling":18,"stat.mineBlock.minecraft.fence":6,"stat.useItem.minecraft.wheat_seeds":191,"stat.pickup.ic2.misc_resource":125,"stat.killEntity.Husk":6,"stat.craftItem.ironchest.iron_chest":1,"stat.mineBlock.ic2.leaves":160,"stat.useItem.minecraft.hopper":1,"stat.useItem.minecraft.dye":2,"stat.pickup.ironchest.iron_chest":1,"stat.deaths":7,"stat.useItem.ic2.treetap":35,"stat.pickup.minecraft.egg":1,"stat.playOneMinute":437118,"stat.craftItem.minecraft.iron_pickaxe":3,"stat.mineBlock.minecraft.tallgrass":45,"stat.craftItem.minecraft.cooked_mutton":2,"stat.pickup.minecraft.cooked_mutton":2,"stat.chestOpened":442,"stat.useItem.ic2.cable":67,"stat.useItem.minecraft.stone":11,"stat.pickup.minecraft.arrow":16,"stat.fallOneCm":60385,"stat.pickup.ic2.casing":108,"stat.craftItem.ic2.treetap":3,"stat.pickup.minecraft.carrot":103,"stat.crouchOneCm":16500,"stat.craftItem.ic2.cable":186,"stat.mineBlock.minecraft.chest":7,"stat.craftItem.minecraft.chest":8,"stat.craftItem.minecraft.iron_ingot":32,"stat.pickup.minecraft.red_mushroom":14,"stat.craftItem.minecraft.hopper":2,"stat.craftingTableInteraction":183,"stat.mineBlock.ic2.resource":378,"stat.pickup.minecraft.wooden_pickaxe":2,"stat.pickup.minecraft.feather":1,"stat.pickup.minecraft.dye":118,"stat.pickup.minecraft.planks":200,"stat.pickup.minecraft.wheat_seeds":318,"stat.mineBlock.minecraft.gravel":27,"stat.useItem.minecraft.stone_pickaxe":583,"stat.useItem.minecraft.stone_sword":65,"stat.craftItem.buildcraftcore.gear_stone":1,"stat.killEntity.Rabbit":4,"stat.mineBlock.minecraft.dirt":151,"stat.mineBlock.forestry.planks.1":18,"stat.pickup.minecraft.poisonous_potato":2,"stat.craftItem.ic2.dust":16,"stat.useItem.minecraft.torch":166,"stat.useItem.minecraft.bread":15,"stat.useItem.ic2.wrench_new":67,"stat.pickup.minecraft.crafting_table":7,"stat.useItem.minecraft.cobblestone":602,"stat.craftItem.minecraft.crafting_table":3,"stat.pickup.ic2.bronze_pickaxe":3,"stat.useItem.minecraft.gravel":5,"stat.mineBlock.minecraft.double_plant":2,"stat.pickup.minecraft.log":184,"stat.drop.ic2.rubber_wood":3,"stat.pickup.minecraft.hopper":3,"stat.pickup.minecraft.chicken":1,"stat.craftItem.ic2.plate":163,"stat.pickup.minecraft.sapling":95,"stat.useItem.ic2.bronze_pickaxe":700,"stat.pickup.minecraft.apple":2,"stat.pickup.minecraft.beetroot":14,"stat.craftItem.minecraft.planks":404,"stat.pickup.minecraft.stone_sword":1,"stat.mineBlock.minecraft.log":16,"stat.craftItem.minecraft.wooden_door":3,"stat.useItem.minecraft.stone_hoe":10,"stat.useItem.minecraft.wooden_door":2,"stat.craftItem.ic2.re_battery":7,"stat.useItem.minecraft.beetroot_seeds":14,"stat.sneakTime":5716,"stat.pickup.minecraft.wool":5,"stat.pickup.minecraft.rabbit":1,"stat.pickup.ic2.sapling":25,"stat.useItem.minecraft.baked_potato":32,"stat.useItem.minecraft.wooden_axe":38,"stat.drop.minecraft.wooden_axe":1,"stat.pickup.minecraft.chest":8,"stat.pickup.ic2.ingot":121,"stat.pickup.minecraft.bone":13,"stat.pickup.minecraft.redstone_torch":16,"stat.pickup.forestry.sapling":4,"stat.mineBlock.minecraft.cobblestone":19,"stat.pickup.minecraft.stone_pickaxe":1,"stat.pickup.minecraft.flint":2,"stat.mineBlock.minecraft.brown_mushroom":40,"stat.useItem.minecraft.diamond_sword":17,"stat.swimOneCm":33453,"stat.climbOneCm":5330,"stat.pickup.ic2.crushed":132,"stat.useItem.minecraft.dirt":56,"stat.mineBlock.ironchest.iron_chest":1,"stat.useItem.minecraft.stone_slab2":111,"stat.pickup.minecraft.stone_hoe":5,"stat.craftItem.minecraft.furnace":12,"stat.craftItem.forestry.planks.1":68,"stat.useItem.minecraft.egg":1,"stat.craftItem.ic2.bronze_pickaxe":2,"stat.craftItem.minecraft.trapdoor":2,"stat.craftItem.minecraft.stone_pickaxe":5,"stat.craftItem.minecraft.cooked_beef":7,"stat.pickup.minecraft.cobblestone":1575,"stat.mineBlock.minecraft.clay":24,"stat.useItem.minecraft.stone_shovel":273,"stat.flyOneCm":165493,"stat.pickup.minecraft.sandstone":392,"stat.craftItem.ic2.ingot":121,"stat.useItem.minecraft.cooked_beef":5,"stat.pickup.minecraft.cactus":15,"stat.pickup.minecraft.redstone":972,"stat.mineBlock.minecraft.iron_ore":162,"stat.timeSinceDeath":37778,"stat.pickup.ic2.bronze_boots":6,"stat.useItem.forestry.planks.1":69,"stat.pickup.minecraft.mutton":4,"stat.pickup.minecraft.mossy_cobblestone":20,"stat.pickup.ic2.cutter":4,"stat.useItem.minecraft.potato":103,"stat.pickup.railcraft.dust":85,"stat.pickup.minecraft.trapdoor":1,"stat.mineBlock.minecraft.coal_ore":685,"stat.craftItem.minecraft.stone_hoe":1,"stat.talkedToVillager":14,"stat.pickup.minecraft.string":5,"stat.mineBlock.minecraft.ladder":4,"stat.craftItem.ic2.casing":58,"stat.entityKilledBy.Skeleton":2,"stat.craftItem.minecraft.stone_slab2":0,"stat.pickup.minecraft.sandstone_stairs":8,"stat.sprintOneCm":600081,"stat.craftItem.minecraft.stick":124,"stat.craftItem.minecraft.wooden_axe":3,"stat.pickup.ic2.resource":563,"stat.mineBlock.minecraft.diamond_ore":15,"stat.mineBlock.minecraft.crafting_table":6,"stat.useItem.minecraft.diamond_pickaxe":1076,"stat.useItem.minecraft.carrot":26,"stat.pickup.forestry.logs.5":17,"stat.entityKilledBy.Creeper":1,"stat.mineBlock.minecraft.planks":156,"stat.drop":4,"stat.killEntity.Sheep":2,"stat.craftItem.minecraft.diamond_pickaxe":1,"stat.killEntity.Zombie":2,"stat.craftItem.minecraft.dye":3,"stat.mineBlock.minecraft.gold_ore":39,"stat.diveOneCm":11670,"stat.pickup.minecraft.wheat":176,"stat.mineBlock.minecraft.mossy_cobblestone":20,"stat.craftItem.ic2.cutter":1,"stat.pickup.minecraft.gravel":41,"stat.craftItem.minecraft.cooked_porkchop":6,"stat.pickup.minecraft.stone_axe":9,"stat.mineBlock.minecraft.deadbush":5,"stat.pickup.ic2.te":22,"stat.pickup.minecraft.diamond_sword":1,"stat.craftItem.minecraft.diamond_sword":2,"stat.jump":3274,"stat.useItem.minecraft.sand":53,"stat.craftItem.ic2.forge_hammer":4,"stat.pickup.minecraft.fence":6,"stat.pickup.minecraft.coal":1266,"stat.useItem.minecraft.stone_axe":313,"stat.craftItem.minecraft.bread":30,"stat.craftItem.minecraft.torch":192,"stat.pickup.ic2.crafting":25,"stat.pickup.minecraft.dirt":180,"stat.pickup.minecraft.iron_ore":256,"stat.useItem.minecraft.glass":8,"stat.pickup.minecraft.stone_shovel":3,"stat.useItem.minecraft.sapling":10,"stat.pickup.minecraft.gold_ore":76,"stat.mineBlock.minecraft.lapis_ore":10,"stat.mineBlock.minecraft.glass_pane":2,"stat.damageTaken":3843,"stat.pickup.minecraft.leather":1,"stat.mineBlock.minecraft.furnace":2,"stat.mineBlock.minecraft.torch":4,"stat.useItem.minecraft.wooden_pickaxe":50,"stat.mineBlock.minecraft.sandstone_stairs":4,"stat.pickup.ic2.rubber_wood":28,"stat.craftItem.buildcraftcore.gear_wood":1,"stat.pickup.minecraft.potato":261,"stat.entityKilledBy.Zombie":2,"stat.pickup.minecraft.rabbit_hide":1,"stat.damageDealt":4710,"stat.sleepInBed":17,"stat.craftItem.minecraft.baked_potato":77,"stat.craftItem.buildcraftfactory.chute":1,"stat.pickup.buildcraftfactory.chute":4,"stat.pickup.ic2.re_battery":9,"stat.killEntity.Cow":4,"stat.useItem.minecraft.crafting_table":2,"stat.killEntity.Pig":3,"stat.craftItem.minecraft.stone_shovel":3,"stat.walkOneCm":1814104,"stat.useItem.minecraft.chest":4,"stat.mineBlock.ic2.te":67,"stat.pickup.minecraft.stick":9,"stat.pickup.minecraft.diamond_pickaxe":1,"stat.pickup.minecraft.clay_ball":96,"stat.useItem.ic2.te":1,"stat.craftItem.forestry.ingot_tin":3,"stat.pickup.minecraft.stone":146,"stat.mineBlock.minecraft.wool":3,"stat.pickup.minecraft.baked_potato":237,"stat.pickup.ic2.treetap":4,"stat.craftItem.minecraft.hay_block":9,"stat.pickup.ic2.forge_hammer":4,"stat.useItem.minecraft.redstone_ore":9,"stat.pickup.minecraft.ladder":4,"stat.useItem.minecraft.cactus":11,"stat.killEntity.Skeleton":8,"stat.pickup.forestry.apatite":198,"stat.craftItem.ic2.crafting":6,"stat.mineBlock.minecraft.cactus":9,"stat.craftItem.ic2.wrench_new":1,"stat.killEntity.Chicken":1,"stat.pickup.ic2.cable":244,"stat.mineBlock.minecraft.redstone_torch":7,"stat.mineBlock.forestry.resources":139,"stat.mobKills":34,"stat.craftItem.ic2.resource":4,"stat.pickup.minecraft.diamond":38,"stat.mineBlock.minecraft.leaves":40,"stat.pickup.minecraft.beetroot_seeds":29,"stat.pickup.minecraft.torch":139,"stat.mineBlock.minecraft.redstone_ore":71,"stat.mineBlock.minecraft.stone":1347,"stat.useItem.minecraft.sandstone":31}