{"stat.useItem.minecraft.bow":20,"stat.leaveGame":20,"stat.mineBlock.ic2.sapling":1,"stat.craftItem.forestry.grafter":1,"stat.pickup.forestry.resources":51,"stat.drop.ic2.bronze_pickaxe":2,"stat.pickup.minecraft.glowstone_dust":221,"stat.pickup.minecraft.porkchop":29,"stat.useItem.minecraft.water_bucket":9,"stat.pickup.minecraft.rotten_flesh":3,"stat.pickup.minecraft.sand":7,"stat.craftItem.minecraft.stone_axe":2,"stat.killEntity.Enderman":5,"stat.craftItem.minecraft.iron_shovel":1,"stat.mineBlock.minecraft.sand":7,"stat.useItem.ic2.bronze_axe":12,"stat.hopperInspected":1,"stat.craftItem.minecraft.wooden_pickaxe":1,"stat.useItem.minecraft.iron_shovel":85,"stat.craftItem.minecraft.bed":1,"stat.mineBlock.minecraft.vine":2,"stat.mineBlock.minecraft.sticky_piston":1,"stat.furnaceInteraction":87,"stat.craftItem.ic2.te":6,"stat.pickup.minecraft.nether_brick":1,"stat.pickup.minecraft.furnace":1,"stat.useItem.ic2.sapling":4,"stat.useItem.minecraft.wheat_seeds":21,"stat.pickup.ic2.misc_resource":70,"stat.mineBlock.ic2.leaves":305,"stat.pickup.minecraft.emerald":3,"stat.useItem.minecraft.dye":29,"stat.drop.railcraft.plate":1,"stat.pickup.minecraft.lever":3,"stat.deaths":2,"stat.useItem.ic2.treetap":34,"stat.pickup.minecraft.egg":6,"stat.craftItem.minecraft.melon_seeds":5,"stat.playOneMinute":253164,"stat.pickup.minecraft.blaze_rod":1,"stat.useItem.forestry.grafter":6,"stat.mineBlock.minecraft.tallgrass":86,"stat.pickup.minecraft.netherrack":2,"stat.chestOpened":169,"stat.useItem.minecraft.stone":21,"stat.mineBlock.minecraft.netherrack":4,"stat.pickup.minecraft.arrow":13,"stat.pickup.minecraft.iron_sword":1,"stat.craftItem.minecraft.coal":2,"stat.fallOneCm":46917,"stat.craftItem.ic2.treetap":7,"stat.pickup.minecraft.carrot":33,"stat.crouchOneCm":41124,"stat.craftItem.ic2.cable":80,"stat.craftItem.minecraft.chest":4,"stat.craftItem.minecraft.iron_ingot":132,"stat.pickup.minecraft.melon":18,"stat.craftingTableInteraction":59,"stat.mineBlock.ic2.resource":215,"stat.pickup.minecraft.repeater":1,"stat.craftItem.ic2.bronze_axe":1,"stat.pickup.minecraft.feather":14,"stat.useItem.minecraft.furnace":1,"stat.useItem.minecraft.reeds":11,"stat.pickup.minecraft.dye":47,"stat.pickup.minecraft.wheat_seeds":31,"stat.mineBlock.minecraft.gravel":129,"stat.useItem.minecraft.stone_pickaxe":181,"stat.mineBlock.minecraft.dirt":25,"stat.useItem.minecraft.torch":302,"stat.mineBlock.railcraft.ore":12,"stat.pickup.minecraft.crafting_table":2,"stat.useItem.minecraft.cobblestone":548,"stat.craftItem.minecraft.crafting_table":2,"stat.pickup.ic2.bronze_pickaxe":4,"stat.useItem.minecraft.gravel":93,"stat.mineBlock.minecraft.emerald_ore":3,"stat.pickup.minecraft.log":157,"stat.craftItem.minecraft.gold_ingot":2,"stat.pickup.minecraft.chicken":6,"stat.craftItem.ic2.plate":60,"stat.pickup.minecraft.sapling":121,"stat.useItem.ic2.bronze_pickaxe":1985,"stat.pickup.minecraft.apple":13,"stat.mineBlock.minecraft.tripwire_hook":2,"stat.craftItem.minecraft.bucket":1,"stat.craftItem.minecraft.planks":284,"stat.useItem.minecraft.iron_sword":94,"stat.mineBlock.minecraft.log":15,"stat.craftItem.minecraft.cooked_chicken":6,"stat.useItem.minecraft.stone_hoe":52,"stat.craftItem.ic2.re_battery":1,"stat.pickup.minecraft.red_flower":1,"stat.sneakTime":11721,"stat.pickup.minecraft.wool":3,"stat.pickup.ic2.sapling":10,"stat.pickup.minecraft.yellow_flower":1,"stat.pickup.minecraft.tripwire_hook":2,"stat.pickup.minecraft.bone":14,"stat.craftItem.minecraft.jungle_boat":2,"stat.mineBlock.minecraft.cobblestone":39,"stat.pickup.minecraft.flint":6,"stat.mineBlock.minecraft.yellow_flower":1,"stat.swimOneCm":72221,"stat.climbOneCm":810,"stat.pickup.minecraft.cooked_porkchop":3,"stat.pickup.minecraft.sticky_piston":3,"stat.useItem.minecraft.dirt":8,"stat.useItem.minecraft.stone_slab2":69,"stat.pickup.minecraft.bow":1,"stat.useItem.minecraft.jungle_boat":2,"stat.craftItem.minecraft.furnace":5,"stat.useItem.minecraft.egg":6,"stat.craftItem.ic2.bronze_pickaxe":8,"stat.craftItem.forestry.ingot_bronze":28,"stat.craftItem.minecraft.stone_pickaxe":2,"stat.pickup.minecraft.cobblestone":787,"stat.craftItem.minecraft.bow":1,"stat.flyOneCm":365329,"stat.craftItem.ic2.ingot":148,"stat.pickup.minecraft.redstone":301,"stat.mineBlock.minecraft.iron_ore":171,"stat.timeSinceDeath":79873,"stat.pickup.minecraft.mossy_cobblestone":4,"stat.pickup.minecraft.stonebrick":3,"stat.pickup.railcraft.dust":31,"stat.useItem.minecraft.cooked_porkchop":23,"stat.pickup.minecraft.iron_shovel":1,"stat.pickup.ic2.bronze_chestplate":1,"stat.mineBlock.minecraft.coal_ore":243,"stat.mineBlock.minecraft.nether_brick":1,"stat.killEntity.Creeper":4,"stat.talkedToVillager":2,"stat.craftItem.minecraft.stone_hoe":1,"stat.pickup.minecraft.string":8,"stat.craftItem.ic2.casing":4,"stat.entityKilledBy.Skeleton":1,"stat.craftItem.minecraft.stone_slab2":0,"stat.sprintOneCm":584046,"stat.craftItem.minecraft.stick":124,"stat.pickup.ic2.resource":214,"stat.mineBlock.minecraft.diamond_ore":14,"stat.mineBlock.minecraft.crafting_table":2,"stat.useItem.minecraft.carrot":27,"stat.entityKilledBy.Creeper":1,"stat.drop":3,"stat.killEntity.Sheep":3,"stat.useItem.minecraft.melon_seeds":4,"stat.killEntity.Zombie":7,"stat.craftItem.minecraft.dye":9,"stat.mineBlock.minecraft.gold_ore":30,"stat.diveOneCm":38757,"stat.pickup.minecraft.wheat":6,"stat.mineBlock.minecraft.mossy_cobblestone":4,"stat.craftItem.ic2.cutter":1,"stat.pickup.minecraft.gravel":145,"stat.craftItem.minecraft.cooked_porkchop":15,"stat.useItem.minecraft.apple":13,"stat.useItem.minecraft.porkchop":1,"stat.useItem.minecraft.rotten_flesh":1,"stat.jump":3076,"stat.useItem.minecraft.sand":1,"stat.craftItem.ic2.forge_hammer":1,"stat.pickup.minecraft.coal":245,"stat.pickup.minecraft.iron_ingot":3,"stat.pickup.minecraft.hopper_minecart":1,"stat.useItem.minecraft.stone_axe":90,"stat.pickup.minecraft.gunpowder":7,"stat.craftItem.minecraft.torch":328,"stat.pickup.minecraft.dirt":38,"stat.useItem.minecraft.cooked_chicken":6,"stat.pickup.minecraft.iron_ore":169,"stat.boatOneCm":166724,"stat.pickup.minecraft.gold_ore":29,"stat.mineBlock.minecraft.lapis_ore":10,"stat.damageTaken":2998,"stat.mineBlock.minecraft.torch":92,"stat.mineBlock.minecraft.furnace":1,"stat.mineBlock.minecraft.melon_block":4,"stat.mineBlock.minecraft.red_flower":1,"stat.useItem.minecraft.wooden_pickaxe":15,"stat.dispenserInspected":2,"stat.pickup.minecraft.reeds":15,"stat.damageDealt":7407,"stat.sleepInBed":4,"stat.killEntity.Pig":16,"stat.craftItem.minecraft.iron_sword":1,"stat.walkOneCm":667365,"stat.useItem.minecraft.chest":3,"stat.craftItem.forestry.ingot_tin":37,"stat.useItem.minecraft.melon":5,"stat.craftItem.forestry.ingot_copper":12,"stat.pickup.minecraft.stone":156,"stat.pickup.minecraft.ender_pearl":1,"stat.killEntity.Skeleton":9,"stat.craftItem.ic2.crafting":16,"stat.pickup.forestry.apatite":620,"stat.mineBlock.minecraft.stonebrick":3,"stat.killEntity.Chicken":4,"stat.killEntity.Spider":2,"stat.mineBlock.minecraft.quartz_ore":53,"stat.mineBlock.forestry.resources":128,"stat.mineBlock.minecraft.glowstone":71,"stat.mobKills":53,"stat.craftItem.ic2.resource":2,"stat.pickup.minecraft.quartz":51,"stat.pickup.minecraft.diamond":14,"stat.mineBlock.minecraft.leaves":20,"stat.pickup.minecraft.torch":217,"stat.mineBlock.minecraft.redstone_ore":72,"stat.mineBlock.minecraft.stone":966}