{"stat.leaveGame":19,"stat.craftItem.minecraft.iron_axe":4,"stat.pickup.minecraft.jungle_fence":6,"stat.craftItem.forestry.grafter":2,"stat.killEntity.Blaze":1,"stat.pickup.forestry.resources":72,"stat.useItem.minecraft.planks":7,"stat.pickup.minecraft.glowstone_dust":131,"stat.pickup.minecraft.porkchop":4,"stat.useItem.minecraft.water_bucket":77,"stat.pickup.minecraft.rotten_flesh":14,"stat.pickup.minecraft.sand":99,"stat.entityKilledBy.Spider":1,"stat.craftItem.minecraft.stone_axe":8,"stat.mineBlock.minecraft.snow_layer":6,"stat.craftItem.minecraft.iron_shovel":1,"stat.mineBlock.minecraft.sand":101,"stat.hopperInspected":16,"stat.useItem.minecraft.iron_pickaxe":1845,"stat.craftItem.minecraft.wooden_pickaxe":2,"stat.useItem.minecraft.iron_shovel":251,"stat.craftItem.minecraft.bed":1,"stat.mineBlock.minecraft.vine":4,"stat.furnaceInteraction":132,"stat.craftItem.ic2.te":14,"stat.killEntity.ZombieVillager":3,"stat.pickup.railcraft.generic":157,"stat.pickup.minecraft.beef":1,"stat.pickup.minecraft.furnace":2,"stat.useItem.minecraft.fence":24,"stat.useItem.minecraft.stone_stairs":42,"stat.useItem.buildcrafttransport.pipe_cobble_item":5,"stat.pickup.buildcrafttransport.pipe_cobble_item":3,"stat.craftItem.ic2.wind_meter":1,"stat.pickup.minecraft.stone_stairs":3,"stat.useItem.ic2.sapling":10,"stat.mineBlock.minecraft.fence":8,"stat.useItem.minecraft.flint_and_steel":1,"stat.useItem.minecraft.wheat_seeds":92,"stat.pickup.ic2.misc_resource":174,"stat.pickup.forestry.bee_princess_ge":3,"stat.mineBlock.ic2.leaves":649,"stat.useItem.buildcrafttransport.pipe_wood_item":2,"stat.pickup.minecraft.emerald":7,"stat.pickup.minecraft.saddle":1,"stat.pickup.ic2.filled_tin_can":20,"stat.pickup.minecraft.lever":2,"stat.deaths":3,"stat.useItem.ic2.treetap":64,"stat.craftItem.minecraft.melon_seeds":8,"stat.playOneMinute":365405,"stat.craftItem.minecraft.iron_pickaxe":9,"stat.useItem.forestry.grafter":20,"stat.mineBlock.minecraft.tallgrass":13,"stat.pickup.minecraft.netherrack":63,"stat.chestOpened":303,"stat.useItem.ic2.cable":23,"stat.useItem.minecraft.stone":9,"stat.useItem.minecraft.jungle_fence":6,"stat.mineBlock.minecraft.netherrack":80,"stat.pickup.minecraft.arrow":5,"stat.craftItem.minecraft.coal":423,"stat.craftItem.minecraft.iron_nugget":1,"stat.fallOneCm":54627,"stat.craftItem.ic2.treetap":4,"stat.pickup.minecraft.carrot":61,"stat.crouchOneCm":43742,"stat.craftItem.ic2.cable":176,"stat.craftItem.minecraft.chest":19,"stat.craftItem.minecraft.iron_ingot":112,"stat.mineBlock.minecraft.lever":2,"stat.pickup.minecraft.melon":209,"stat.craftItem.minecraft.hopper":1,"stat.craftingTableInteraction":115,"stat.mineBlock.ic2.resource":383,"stat.pickup.minecraft.wooden_pickaxe":1,"stat.pickup.minecraft.feather":2,"stat.useItem.minecraft.furnace":5,"stat.useItem.minecraft.reeds":44,"stat.pickup.minecraft.dye":232,"stat.mineBlock.minecraft.jungle_fence":6,"stat.pickup.minecraft.planks":17,"stat.pickup.minecraft.wheat_seeds":121,"stat.mineBlock.minecraft.gravel":134,"stat.useItem.minecraft.stone_pickaxe":359,"stat.craftItem.buildcraftcore.gear_stone":1,"stat.mineBlock.minecraft.dirt":667,"stat.mineBlock.minecraft.monster_egg":1,"stat.pickup.minecraft.flint_and_steel":1,"stat.useItem.minecraft.torch":373,"stat.craftItem.minecraft.redstone_block":26,"stat.craftItem.minecraft.stone_stairs":40,"stat.mineBlock.railcraft.ore":17,"stat.pickup.minecraft.crafting_table":8,"stat.useItem.minecraft.log":129,"stat.useItem.minecraft.cobblestone":461,"stat.craftItem.minecraft.crafting_table":9,"stat.useItem.minecraft.gravel":17,"stat.mineBlock.minecraft.emerald_ore":2,"stat.pickup.minecraft.log":730,"stat.mineBlock.railcraft.ore_metal_poor":1,"stat.pickup.minecraft.chicken":1,"stat.craftItem.ic2.plate":141,"stat.pickup.minecraft.sapling":259,"stat.pickup.minecraft.apple":12,"stat.useItem.ic2.leaves":4,"stat.craftItem.minecraft.bucket":1,"stat.craftItem.minecraft.planks":480,"stat.useItem.minecraft.iron_sword":34,"stat.killEntity.WitherSkeleton":2,"stat.mineBlock.buildcrafttransport.pipe_void_fluid":1,"stat.pickup.minecraft.book":21,"stat.mineBlock.minecraft.log":19,"stat.useItem.minecraft.stone_hoe":53,"stat.pickup.forestry.book_forester":2,"stat.craftItem.ic2.re_battery":7,"stat.sneakTime":23636,"stat.pickup.minecraft.wool":16,"stat.pickup.ic2.sapling":31,"stat.entityKilledBy.Blaze":1,"stat.useItem.minecraft.baked_potato":13,"stat.pickup.ic2.ingot":7,"stat.pickup.minecraft.bone":9,"stat.craftItem.buildcrafttransport.pipe_cobble_item":8,"stat.useItem.minecraft.iron_axe":42,"stat.drop.minecraft.stone_shovel":1,"stat.mineBlock.minecraft.cobblestone":45,"stat.pickup.minecraft.flint":9,"stat.swimOneCm":25165,"stat.climbOneCm":5169,"stat.pickup.ic2.crushed":8,"stat.useItem.minecraft.obsidian":9,"stat.useItem.minecraft.dirt":171,"stat.useItem.minecraft.stone_slab2":101,"stat.craftItem.buildcraftcore.wrench":1,"stat.craftItem.minecraft.furnace":13,"stat.craftItem.minecraft.lapis_block":23,"stat.craftItem.ic2.tool_box":2,"stat.craftItem.forestry.ingot_bronze":16,"stat.craftItem.minecraft.stone_pickaxe":3,"stat.mineBlock.minecraft.obsidian":31,"stat.pickup.minecraft.shears":1,"stat.pickup.minecraft.cobblestone":1718,"stat.useItem.minecraft.stone_shovel":576,"stat.flyOneCm":411024,"stat.craftItem.ic2.ingot":112,"stat.pickup.minecraft.cactus":3,"stat.pickup.minecraft.redstone":356,"stat.mineBlock.minecraft.iron_ore":208,"stat.timeSinceDeath":11950,"stat.pickup.minecraft.mutton":2,"stat.useItem.minecraft.lever":1,"stat.useItem.minecraft.potato":43,"stat.mineBlock.minecraft.coal_ore":563,"stat.craftItem.minecraft.stone_hoe":2,"stat.pickup.forestry.bee_combs":3,"stat.pickup.minecraft.string":2,"stat.craftItem.ic2.casing":56,"stat.craftItem.minecraft.stone_slab2":0,"stat.craftItem.forestry.scoop":1,"stat.sprintOneCm":690738,"stat.craftItem.minecraft.stick":288,"stat.pickup.ic2.resource":501,"stat.mineBlock.minecraft.diamond_ore":25,"stat.mineBlock.minecraft.crafting_table":6,"stat.useItem.minecraft.diamond_pickaxe":1378,"stat.useItem.minecraft.carrot":31,"stat.pickup.railcraft.ore_metal_poor":1,"stat.entityKilledBy.Creeper":1,"stat.mineBlock.minecraft.planks":5,"stat.drop":1,"stat.killEntity.Sheep":1,"stat.useItem.minecraft.ladder":3,"stat.craftItem.minecraft.diamond_pickaxe":2,"stat.useItem.minecraft.melon_seeds":7,"stat.killEntity.Zombie":16,"stat.pickup.minecraft.snowball":12,"stat.pickup.ic2.leaves":604,"stat.mineBlock.minecraft.gold_ore":26,"stat.diveOneCm":12792,"stat.pickup.minecraft.wheat":63,"stat.craftItem.ic2.cutter":1,"stat.craftItem.minecraft.piston":2,"stat.craftItem.minecraft.ladder":6,"stat.pickup.minecraft.gravel":146,"stat.pickup.minecraft.stone_axe":1,"stat.useItem.minecraft.apple":3,"stat.pickup.minecraft.obsidian":33,"stat.jump":3504,"stat.pickup.minecraft.fence":8,"stat.craftItem.ic2.forge_hammer":3,"stat.pickup.minecraft.coal":657,"stat.pickup.minecraft.iron_ingot":3,"stat.craftItem.minecraft.lever":2,"stat.useItem.minecraft.stone_axe":188,"stat.mineBlock.forestry.beehives":3,"stat.craftItem.minecraft.torch":300,"stat.pickup.minecraft.dirt":722,"stat.pickup.minecraft.iron_ore":252,"stat.pickup.minecraft.stone_shovel":2,"stat.boatOneCm":172688,"stat.useItem.minecraft.sapling":63,"stat.pickup.minecraft.gold_ore":26,"stat.mineBlock.minecraft.lapis_ore":28,"stat.craftItem.minecraft.flint_and_steel":1,"stat.pickup.minecraft.iron_axe":1,"stat.mineBlock.minecraft.stone_stairs":3,"stat.damageTaken":2285,"stat.pickup.minecraft.leather":2,"stat.mineBlock.minecraft.torch":49,"stat.mineBlock.minecraft.melon_block":32,"stat.mineBlock.minecraft.furnace":2,"stat.craftItem.buildcraftcore.engine":2,"stat.useItem.minecraft.wooden_pickaxe":29,"stat.craftItem.buildcrafttransport.pipe_wood_item":8,"stat.pickup.ic2.rubber_wood":35,"stat.useItem.forestry.scoop":4,"stat.pickup.minecraft.reeds":56,"stat.pickup.minecraft.bed":2,"stat.craftItem.buildcraftcore.gear_wood":5,"stat.pickup.minecraft.potato":100,"stat.damageDealt":5182,"stat.craftItem.minecraft.glass":64,"stat.sleepInBed":11,"stat.craftItem.minecraft.baked_potato":13,"stat.killEntity.Silverfish":1,"stat.useItem.minecraft.crafting_table":4,"stat.killEntity.Pig":2,"stat.craftItem.minecraft.iron_sword":1,"stat.useItem.buildcraftcore.engine":1,"stat.craftItem.minecraft.stone_shovel":5,"stat.walkOneCm":966955,"stat.animalsBred":31,"stat.useItem.minecraft.chest":8,"stat.mineBlock.ic2.te":2,"stat.pickup.minecraft.stick":3,"stat.pickup.buildcrafttransport.pipe_wood_item":1,"stat.useItem.ic2.te":1,"stat.craftItem.forestry.ingot_tin":50,"stat.useItem.minecraft.melon":83,"stat.pickup.minecraft.stone":167,"stat.mineBlock.minecraft.wool":4,"stat.pickup.ic2.treetap":1,"stat.craftItem.minecraft.redstone":45,"stat.pickup.minecraft.ladder":1,"stat.useItem.minecraft.netherrack":42,"stat.pickup.minecraft.gold_ingot":3,"stat.killEntity.Skeleton":1,"stat.craftItem.ic2.crafting":113,"stat.pickup.forestry.bee_drone_ge":2,"stat.mineBlock.minecraft.cactus":1,"stat.killEntity.Chicken":1,"stat.pickup.ic2.cable":2,"stat.killEntity.Spider":1,"stat.mineBlock.minecraft.quartz_ore":2,"stat.mineBlock.forestry.resources":72,"stat.mineBlock.minecraft.glowstone":43,"stat.mobKills":29,"stat.mineBlock.minecraft.bookshelf":7,"stat.craftItem.minecraft.shears":3,"stat.craftItem.ic2.resource":2,"stat.pickup.minecraft.quartz":6,"stat.craftItem.minecraft.fence":27,"stat.craftItem.minecraft.jungle_fence":15,"stat.pickup.minecraft.water_bucket":2,"stat.pickup.minecraft.diamond":28,"stat.mineBlock.minecraft.leaves":19,"stat.pickup.minecraft.torch":81,"stat.mineBlock.minecraft.redstone_ore":81,"stat.mineBlock.railcraft.generic":157,"stat.craftItem.minecraft.coal_block":47,"stat.mineBlock.minecraft.stone":1826}